promo_id,promo_name,category,snapshot_date,year_month,stockout_product_share,avg_stockout_days,max_stockout_days,avg_fill_rate,min_fill_rate,product_count,estimated_lost_gp
PROMO-0001,Spring Sale 2013,Casual,2013-03-31,2013-03,0.6470588235294118,0.9411764705882353,2,0.9686294117647058,0.9333,17,7235.462393312845
PROMO-0001,Spring Sale 2013,Casual,2013-04-30,2013-04,0.8235294117647058,1.411764705882353,4,0.9529411764705882,0.8667,17,10517.319915755617
PROMO-0002,Mid-Year Sale 2013,Casual,2013-06-30,2013-06,0.7058823529411765,1.0,2,0.9666705882352941,0.9333,17,5291.75944797351
PROMO-0002,Mid-Year Sale 2013,Casual,2013-07-31,2013-07,0.7333333333333333,1.0666666666666667,2,0.9644466666666667,0.9333,15,7847.097439936702
PROMO-0003,Fall Launch 2013,Casual,2013-08-31,2013-08,0.5625,0.6875,2,0.97709375,0.9333,16,3044.734907215894
PROMO-0003,Fall Launch 2013,Casual,2013-09-30,2013-09,0.6470588235294118,1.0588235294117647,2,0.9646999999999999,0.9333,17,5574.665488063664
PROMO-0003,Fall Launch 2013,Casual,2013-10-31,2013-10,0.6111111111111112,1.0,2,0.9666611111111111,0.9333,18,1853.505348578972
PROMO-0004,Year-End Sale 2013,Casual,2013-11-30,2013-11,1.0,1.4375,2,0.9520875,0.9333,16,11259.151850010845
PROMO-0004,Year-End Sale 2013,Casual,2013-12-31,2013-12,0.5625,0.8125,2,0.97291875,0.9333,16,1382.551386094124
PROMO-0004,Year-End Sale 2013,Casual,2014-01-31,2014-01,0.7647058823529411,1.1176470588235294,2,0.9627470588235295,0.9333,17,1080.7058303419728
PROMO-0007,Spring Sale 2014,Casual,2014-03-31,2014-03,0.5625,0.8125,2,0.97291875,0.9333,16,-112.44715554449041
PROMO-0007,Spring Sale 2014,Casual,2014-04-30,2014-04,0.6666666666666666,1.1666666666666667,7,0.9611222222222222,0.7667,18,2458.0902434004543
PROMO-0008,Mid-Year Sale 2014,Casual,2014-06-30,2014-06,0.7894736842105263,1.0526315789473684,2,0.964921052631579,0.9333,19,6263.908712885317
PROMO-0008,Mid-Year Sale 2014,Casual,2014-07-31,2014-07,0.7222222222222222,1.0,2,0.9666722222222222,0.9333,18,7777.903455646815
PROMO-0009,Fall Launch 2014,Casual,2014-08-31,2014-08,0.5882352941176471,0.8235294117647058,2,0.9725529411764706,0.9333,17,3754.059074871469
PROMO-0009,Fall Launch 2014,Casual,2014-09-30,2014-09,0.75,1.0625,2,0.9645875,0.9333,16,5534.4931533701965
PROMO-0009,Fall Launch 2014,Casual,2014-10-31,2014-10,0.7647058823529411,1.1764705882352942,2,0.9607823529411765,0.9333,17,2359.773669656994
PROMO-0010,Year-End Sale 2014,Casual,2014-11-30,2014-11,0.5625,0.875,2,0.97083125,0.9333,16,2800.291143840747
PROMO-0010,Year-End Sale 2014,Casual,2014-12-31,2014-12,0.5,0.7222222222222222,2,0.9759277777777778,0.9333,18,-80.10018691953391
PROMO-0010,Year-End Sale 2014,Casual,2015-01-31,2015-01,0.7058823529411765,0.9411764705882353,2,0.968635294117647,0.9333,17,-3952.424645851698
PROMO-0011,Spring Sale 2015,Casual,2015-03-31,2015-03,0.5263157894736842,0.8421052631578947,2,0.9719263157894736,0.9333,19,-379.7865732286301
PROMO-0011,Spring Sale 2015,Casual,2015-04-30,2015-04,0.5714285714285714,0.9047619047619048,3,0.9698428571428572,0.9,21,2824.472286527953
PROMO-0012,Mid-Year Sale 2015,Casual,2015-06-30,2015-06,0.5263157894736842,0.7894736842105263,2,0.9736842105263158,0.9333,19,2542.0117923799435
PROMO-0012,Mid-Year Sale 2015,Casual,2015-07-31,2015-07,0.5789473684210527,0.7894736842105263,2,0.9736894736842105,0.9333,19,3932.5761131559275
PROMO-0013,Fall Launch 2015,Casual,2015-08-31,2015-08,0.6111111111111112,0.8888888888888888,2,0.9703722222222222,0.9333,18,3439.406244178802
PROMO-0013,Fall Launch 2015,Casual,2015-09-30,2015-09,0.631578947368421,1.0526315789473684,2,0.9649052631578948,0.9333,19,3376.9110565365754
PROMO-0013,Fall Launch 2015,Casual,2015-10-31,2015-10,0.631578947368421,1.0526315789473684,2,0.9649052631578948,0.9333,19,-826.0012805589201
PROMO-0014,Year-End Sale 2015,Casual,2015-11-30,2015-11,0.6666666666666666,0.9523809523809523,2,0.9682571428571429,0.9333,21,3349.5634759757254
PROMO-0014,Year-End Sale 2015,Casual,2015-12-31,2015-12,0.6842105263157895,1.0526315789473684,2,0.9649105263157896,0.9333,19,-1196.1118734223953
PROMO-0014,Year-End Sale 2015,Casual,2016-01-31,2016-01,0.9473684210526315,1.5263157894736843,2,0.9491157894736842,0.9333,19,-4383.697531183887
PROMO-0017,Spring Sale 2016,Casual,2016-03-31,2016-03,0.45,0.65,2,0.9783350000000001,0.9333,20,209.5833056750283
PROMO-0017,Spring Sale 2016,Casual,2016-04-30,2016-04,0.7619047619047619,1.2857142857142858,7,0.957152380952381,0.7667,21,6469.077681398576
PROMO-0018,Mid-Year Sale 2016,Casual,2016-06-30,2016-06,0.8636363636363636,1.2272727272727273,2,0.9590954545454546,0.9333,22,10614.216965283324
PROMO-0018,Mid-Year Sale 2016,Casual,2016-07-31,2016-07,0.8888888888888888,1.3888888888888888,2,0.9537,0.9333,18,15593.955656622458
PROMO-0019,Fall Launch 2016,Casual,2016-08-31,2016-08,0.6363636363636364,0.9090909090909091,2,0.9697,0.9333,22,3451.052487503972
PROMO-0019,Fall Launch 2016,Casual,2016-09-30,2016-09,0.7222222222222222,1.0555555555555556,2,0.9648166666666668,0.9333,18,1809.554188457646
PROMO-0019,Fall Launch 2016,Casual,2016-10-31,2016-10,0.65,0.9,2,0.9700049999999999,0.9333,20,-1744.5259514806282
PROMO-0020,Year-End Sale 2016,Casual,2016-11-30,2016-11,0.6666666666666666,0.9444444444444444,2,0.9685222222222222,0.9333,18,4162.485781317579
PROMO-0020,Year-End Sale 2016,Casual,2016-12-31,2016-12,0.5714285714285714,0.8095238095238095,2,0.9730190476190476,0.9333,21,504.7460968545029
PROMO-0020,Year-End Sale 2016,Casual,2017-01-31,2017-01,0.6842105263157895,0.9473684210526315,2,0.9684263157894738,0.9333,19,-3118.4846011318887
PROMO-0021,Spring Sale 2017,Casual,2017-03-31,2017-03,0.6,0.85,2,0.9716699999999999,0.9333,20,-1358.5441704500158
PROMO-0021,Spring Sale 2017,Casual,2017-04-30,2017-04,0.7272727272727273,1.1363636363636365,2,0.9621181818181818,0.9333,22,3108.9834243519404
PROMO-0022,Mid-Year Sale 2017,Casual,2017-06-30,2017-06,0.7083333333333334,1.125,2,0.9624958333333334,0.9333,24,4591.661943346652
PROMO-0022,Mid-Year Sale 2017,Casual,2017-07-31,2017-07,0.5,0.75,2,0.975,0.9333,20,2458.5269449939547
PROMO-0023,Fall Launch 2017,Casual,2017-08-31,2017-08,0.5238095238095238,0.7619047619047619,2,0.9746047619047619,0.9333,21,278.7719989422048
PROMO-0023,Fall Launch 2017,Casual,2017-09-30,2017-09,0.7,1.2,2,0.95999,0.9333,20,-2135.251869460511
PROMO-0023,Fall Launch 2017,Casual,2017-10-31,2017-10,0.8148148148148148,1.1481481481481481,2,0.9617333333333333,0.9333,27,-2834.27811813175
PROMO-0024,Year-End Sale 2017,Casual,2017-11-30,2017-11,0.76,3.8,19,0.8733280000000001,0.3667,25,28398.337637339107
PROMO-0024,Year-End Sale 2017,Casual,2017-12-31,2017-12,0.8461538461538461,2.923076923076923,14,0.9025692307692308,0.5333,26,8822.669697703852
PROMO-0024,Year-End Sale 2017,Casual,2018-01-31,2018-01,0.7692307692307693,1.6923076923076923,8,0.9435846153846155,0.7333,26,-3352.419486139471
PROMO-0027,Spring Sale 2018,Casual,2018-03-31,2018-03,0.6551724137931034,1.9655172413793103,13,0.9344862068965518,0.5667,29,2234.1717715494874
PROMO-0027,Spring Sale 2018,Casual,2018-04-30,2018-04,0.7741935483870968,2.774193548387097,18,0.9075290322580646,0.4,31,22498.226609009682
PROMO-0028,Mid-Year Sale 2018,Casual,2018-06-30,2018-06,0.6774193548387096,2.838709677419355,22,0.9053774193548387,0.2667,31,34941.33271912113
PROMO-0028,Mid-Year Sale 2018,Casual,2018-07-31,2018-07,0.8709677419354839,2.4193548387096775,20,0.9193548387096774,0.3333,31,44385.37504285993
PROMO-0029,Fall Launch 2018,Casual,2018-08-31,2018-08,0.6388888888888888,1.2222222222222223,10,0.9592583333333332,0.6667,36,8614.985848163835
PROMO-0029,Fall Launch 2018,Casual,2018-09-30,2018-09,0.5428571428571428,0.7714285714285715,2,0.9742885714285714,0.9333,35,1924.4248299773233
PROMO-0029,Fall Launch 2018,Casual,2018-10-31,2018-10,0.5945945945945946,1.1081081081081081,4,0.9630621621621621,0.8667,37,351.14646489936814
PROMO-0030,Year-End Sale 2018,Casual,2018-11-30,2018-11,0.7714285714285715,1.2285714285714286,2,0.9590428571428571,0.9333,35,12870.281135507279
PROMO-0030,Year-End Sale 2018,Casual,2018-12-31,2018-12,0.7027027027027027,1.135135135135135,2,0.9621567567567568,0.9333,37,3677.7014915758946
PROMO-0030,Year-End Sale 2018,Casual,2019-01-31,2019-01,0.6285714285714286,1.2285714285714286,6,0.9590428571428571,0.8,35,-684.9042366303297
PROMO-0031,Spring Sale 2019,Casual,2019-03-31,2019-03,0.675,1.1,5,0.9633324999999999,0.8333,40,1449.320291391602
PROMO-0031,Spring Sale 2019,Casual,2019-04-30,2019-04,0.5957446808510638,0.9361702127659575,5,0.9687978723404256,0.8333,47,5793.325351686036
PROMO-0032,Mid-Year Sale 2019,Casual,2019-06-30,2019-06,0.5813953488372093,0.8604651162790697,2,0.9713186046511628,0.9333,43,6485.065610705087
PROMO-0032,Mid-Year Sale 2019,Casual,2019-07-31,2019-07,0.5454545454545454,0.8636363636363636,2,0.9712090909090908,0.9333,44,5934.728066046258
PROMO-0033,Fall Launch 2019,Casual,2019-08-31,2019-08,0.6666666666666666,0.9047619047619048,2,0.9698476190476191,0.9333,42,3369.5495245225557
PROMO-0033,Fall Launch 2019,Casual,2019-09-30,2019-09,0.625,1.0,3,0.9666650000000001,0.9,40,1438.5296269890846
PROMO-0033,Fall Launch 2019,Casual,2019-10-31,2019-10,0.6923076923076923,1.1025641025641026,2,0.9632435897435897,0.9333,39,-530.2619477773198
PROMO-0034,Year-End Sale 2019,Casual,2019-11-30,2019-11,0.7297297297297297,1.0810810810810811,2,0.9639648648648649,0.9333,37,6826.569356340383
PROMO-0034,Year-End Sale 2019,Casual,2019-12-31,2019-12,0.5806451612903226,0.8064516129032258,2,0.9731225806451612,0.9333,31,1695.5901794351892
PROMO-0034,Year-End Sale 2019,Casual,2020-01-31,2020-01,0.7878787878787878,1.2121212121212122,2,0.9595939393939393,0.9333,33,137.97516907300235
PROMO-0037,Spring Sale 2020,Casual,2020-03-31,2020-03,0.6904761904761905,1.1428571428571428,2,0.9618976190476192,0.9333,42,-569.8845952345589
PROMO-0037,Spring Sale 2020,Casual,2020-04-30,2020-04,0.7142857142857143,1.0952380952380953,2,0.9634904761904762,0.9333,42,1252.40018859213
PROMO-0038,Mid-Year Sale 2020,Casual,2020-06-30,2020-06,0.7428571428571429,1.1142857142857143,2,0.962857142857143,0.9333,35,5622.508213805774
PROMO-0038,Mid-Year Sale 2020,Casual,2020-07-31,2020-07,0.6153846153846154,0.9743589743589743,2,0.9675179487179488,0.9333,39,6672.754016439755
PROMO-0039,Fall Launch 2020,Casual,2020-08-31,2020-08,0.7727272727272727,1.1590909090909092,3,0.9613659090909091,0.9,44,5607.860229185458
PROMO-0039,Fall Launch 2020,Casual,2020-09-30,2020-09,0.6111111111111112,0.9722222222222222,2,0.9675888888888888,0.9333,36,3717.9603843158325
PROMO-0039,Fall Launch 2020,Casual,2020-10-31,2020-10,0.7941176470588235,1.2647058823529411,2,0.9578382352941176,0.9333,34,2687.9855755640438
PROMO-0040,Year-End Sale 2020,Casual,2020-11-30,2020-11,0.71875,0.9375,2,0.968759375,0.9333,32,4943.257897153778
PROMO-0040,Year-End Sale 2020,Casual,2020-12-31,2020-12,0.53125,0.6875,2,0.977090625,0.9333,32,1.2138835955625487
PROMO-0040,Year-End Sale 2020,Casual,2021-01-31,2021-01,0.4857142857142857,0.6285714285714286,2,0.9790542857142857,0.9333,35,-905.677280842665
PROMO-0041,Spring Sale 2021,Casual,2021-03-31,2021-03,0.6666666666666666,1.1428571428571428,2,0.9618952380952381,0.9333,42,2401.711836975756
PROMO-0041,Spring Sale 2021,Casual,2021-04-30,2021-04,0.6666666666666666,1.125,3,0.9624958333333334,0.9,48,7015.6494782246355
PROMO-0042,Mid-Year Sale 2021,Casual,2021-06-30,2021-06,0.5625,0.7916666666666666,2,0.9736145833333333,0.9333,48,6138.237935683809
PROMO-0042,Mid-Year Sale 2021,Casual,2021-07-31,2021-07,0.6341463414634146,1.0731707317073171,9,0.9642317073170733,0.7,41,10584.48039192173
PROMO-0043,Fall Launch 2021,Casual,2021-08-31,2021-08,0.6818181818181818,1.75,28,0.9416636363636364,0.0667,44,12781.739618195843
PROMO-0043,Fall Launch 2021,Casual,2021-09-30,2021-09,0.6666666666666666,0.9761904761904762,2,0.9674619047619049,0.9333,42,9141.721356860175
PROMO-0043,Fall Launch 2021,Casual,2021-10-31,2021-10,0.5384615384615384,0.8461538461538461,3,0.971797435897436,0.9,39,4280.946818716459
PROMO-0044,Year-End Sale 2021,Casual,2021-11-30,2021-11,0.6333333333333333,1.2,4,0.9599966666666667,0.8667,30,13197.387731336898
PROMO-0044,Year-End Sale 2021,Casual,2021-12-31,2021-12,0.717948717948718,1.2820512820512822,4,0.9572615384615384,0.8667,39,5557.64794932935
PROMO-0044,Year-End Sale 2021,Casual,2022-01-31,2022-01,0.5945945945945946,0.918918918918919,3,0.9693702702702703,0.9,37,1027.2112884416745
PROMO-0047,Spring Sale 2022,Casual,2022-03-31,2022-03,0.675,1.0,3,0.96667,0.9,40,4339.016964423994
PROMO-0047,Spring Sale 2022,Casual,2022-04-30,2022-04,0.7,1.975,17,0.93417,0.4333,40,18947.119959613086
PROMO-0048,Mid-Year Sale 2022,Casual,2022-06-30,2022-06,0.6756756756756757,1.2162162162162162,8,0.9594621621621623,0.7333,37,13341.803932375149
PROMO-0048,Mid-Year Sale 2022,Casual,2022-07-31,2022-07,0.7142857142857143,1.0285714285714285,4,0.9657228571428571,0.8667,35,13997.3281020621
PROMO-0049,Fall Launch 2022,Casual,2022-08-31,2022-08,0.6585365853658537,0.9512195121951219,2,0.9682951219512195,0.9333,41,5967.551935019639
PROMO-0049,Fall Launch 2022,Casual,2022-09-30,2022-09,0.5641025641025641,0.7948717948717948,2,0.9735076923076923,0.9333,39,4846.903668683313
PROMO-0049,Fall Launch 2022,Casual,2022-10-31,2022-10,0.6486486486486487,1.027027027027027,2,0.9657621621621623,0.9333,37,3138.3598098743196
PROMO-0050,Year-End Sale 2022,Casual,2022-11-30,2022-11,0.7142857142857143,1.1142857142857143,3,0.962857142857143,0.9,35,11724.906395691127
PROMO-0050,Year-End Sale 2022,Casual,2022-12-31,2022-12,0.775,1.175,2,0.9608325000000001,0.9333,40,3975.4071168238215
PROMO-0001,Spring Sale 2013,GenZ,2013-03-31,2013-03,0.6363636363636364,1.9090909090909092,20,0.9363545454545456,0.3333,22,7002.826289919063
PROMO-0001,Spring Sale 2013,GenZ,2013-04-30,2013-04,0.6190476190476191,1.9047619047619047,23,0.9365190476190477,0.2333,21,5837.9924313208
PROMO-0002,Mid-Year Sale 2013,GenZ,2013-06-30,2013-06,0.75,1.375,12,0.9541791666666667,0.6,24,13173.43798096715
PROMO-0002,Mid-Year Sale 2013,GenZ,2013-07-31,2013-07,0.5862068965517241,1.5517241379310345,17,0.9482758620689655,0.4333,29,15007.02149036772
PROMO-0003,Fall Launch 2013,GenZ,2013-08-31,2013-08,0.8695652173913043,2.260869565217391,16,0.9246347826086957,0.4667,23,20183.577912957007
PROMO-0003,Fall Launch 2013,GenZ,2013-09-30,2013-09,0.6153846153846154,0.8846153846153846,2,0.9705153846153846,0.9333,26,6748.145390799589
PROMO-0003,Fall Launch 2013,GenZ,2013-10-31,2013-10,0.6,0.92,2,0.969332,0.9333,25,4221.571619486336
PROMO-0004,Year-End Sale 2013,GenZ,2013-11-30,2013-11,0.6363636363636364,0.8181818181818182,2,0.9727363636363635,0.9333,22,6612.226989171201
PROMO-0004,Year-End Sale 2013,GenZ,2013-12-31,2013-12,0.875,1.4583333333333333,2,0.9513791666666668,0.9333,24,5745.830166681444
PROMO-0004,Year-End Sale 2013,GenZ,2014-01-31,2014-01,0.8,1.25,3,0.9583349999999999,0.9,20,1368.077791733259
PROMO-0007,Spring Sale 2014,GenZ,2014-03-31,2014-03,0.8148148148148148,1.2592592592592593,2,0.9580222222222223,0.9333,27,2323.2263122874174
PROMO-0007,Spring Sale 2014,GenZ,2014-04-30,2014-04,0.7586206896551724,1.7586206896551724,10,0.9413793103448276,0.6667,29,9276.275758760452
PROMO-0008,Mid-Year Sale 2014,GenZ,2014-06-30,2014-06,0.7096774193548387,1.3548387096774193,11,0.9548387096774194,0.6333,31,14655.181827544677
PROMO-0008,Mid-Year Sale 2014,GenZ,2014-07-31,2014-07,0.7333333333333333,1.2,4,0.9600000000000001,0.8667,30,16893.127570479814
PROMO-0009,Fall Launch 2014,GenZ,2014-08-31,2014-08,0.625,1.0,5,0.96666875,0.8333,32,10247.021800267903
PROMO-0009,Fall Launch 2014,GenZ,2014-09-30,2014-09,0.7586206896551724,1.206896551724138,3,0.9597689655172414,0.9,29,12655.68283829749
PROMO-0009,Fall Launch 2014,GenZ,2014-10-31,2014-10,0.6956521739130435,1.0869565217391304,2,0.9637652173913043,0.9333,23,6602.311761952515
PROMO-0010,Year-End Sale 2014,GenZ,2014-11-30,2014-11,0.6666666666666666,1.037037037037037,2,0.9654296296296296,0.9333,27,7477.840511879004
PROMO-0010,Year-End Sale 2014,GenZ,2014-12-31,2014-12,0.7272727272727273,1.1363636363636365,3,0.9621227272727272,0.9,22,3047.597521108744
PROMO-0010,Year-End Sale 2014,GenZ,2015-01-31,2015-01,0.65,1.1,2,0.963325,0.9333,20,389.04881188541157
PROMO-0011,Spring Sale 2015,GenZ,2015-03-31,2015-03,0.6296296296296297,1.037037037037037,3,0.9654296296296296,0.9,27,1776.9883809281228
PROMO-0011,Spring Sale 2015,GenZ,2015-04-30,2015-04,0.7575757575757576,1.5757575757575757,21,0.9474848484848485,0.3,33,8004.619249057382
PROMO-0012,Mid-Year Sale 2015,GenZ,2015-06-30,2015-06,0.7333333333333333,1.1666666666666667,4,0.9611133333333334,0.8667,30,16079.816105279835
PROMO-0012,Mid-Year Sale 2015,GenZ,2015-07-31,2015-07,0.7741935483870968,1.6774193548387097,12,0.9440838709677419,0.6,31,29914.453992692524
PROMO-0013,Fall Launch 2015,GenZ,2015-08-31,2015-08,0.7297297297297297,1.3513513513513513,12,0.9549567567567567,0.6,37,17324.060555406613
PROMO-0013,Fall Launch 2015,GenZ,2015-09-30,2015-09,0.6944444444444444,1.6666666666666667,15,0.9444472222222223,0.5,36,21814.755812218507
PROMO-0013,Fall Launch 2015,GenZ,2015-10-31,2015-10,0.8157894736842105,1.368421052631579,4,0.9543815789473684,0.8667,38,19401.90253181429
PROMO-0014,Year-End Sale 2015,GenZ,2015-11-30,2015-11,0.7419354838709677,1.1612903225806452,2,0.9612870967741936,0.9333,31,19769.401502479817
PROMO-0014,Year-End Sale 2015,GenZ,2015-12-31,2015-12,0.5806451612903226,0.8709677419354839,2,0.970967741935484,0.9333,31,6078.621547676226
PROMO-0014,Year-End Sale 2015,GenZ,2016-01-31,2016-01,0.7931034482758621,1.103448275862069,2,0.9632241379310345,0.9333,29,2986.643274999234
PROMO-0017,Spring Sale 2016,GenZ,2016-03-31,2016-03,0.7272727272727273,0.9696969696969697,2,0.9676848484848486,0.9333,33,679.1577923058663
PROMO-0017,Spring Sale 2016,GenZ,2016-04-30,2016-04,0.6060606060606061,0.7878787878787878,2,0.9737454545454546,0.9333,33,3596.9469181199975
PROMO-0018,Mid-Year Sale 2016,GenZ,2016-06-30,2016-06,0.5641025641025641,1.1282051282051282,6,0.9623948717948718,0.8,39,14730.366861928353
PROMO-0018,Mid-Year Sale 2016,GenZ,2016-07-31,2016-07,0.8333333333333334,1.4166666666666667,4,0.9527722222222221,0.8667,36,33710.204059025484
PROMO-0019,Fall Launch 2016,GenZ,2016-08-31,2016-08,0.5882352941176471,0.9705882352941176,3,0.9676470588235294,0.9,34,12129.089199853117
PROMO-0019,Fall Launch 2016,GenZ,2016-09-30,2016-09,0.7586206896551724,1.0689655172413792,2,0.9643724137931035,0.9333,29,17240.90815552586
PROMO-0019,Fall Launch 2016,GenZ,2016-10-31,2016-10,0.5882352941176471,0.8235294117647058,2,0.9725529411764706,0.9333,34,7214.318742638708
PROMO-0020,Year-End Sale 2016,GenZ,2016-11-30,2016-11,0.4827586206896552,0.6206896551724138,2,0.9793172413793104,0.9333,29,5617.748503512838
PROMO-0020,Year-End Sale 2016,GenZ,2016-12-31,2016-12,0.8378378378378378,1.2432432432432432,2,0.9585594594594595,0.9333,37,6099.538872221919
PROMO-0020,Year-End Sale 2016,GenZ,2017-01-31,2017-01,0.8214285714285714,1.5,2,0.9499821428571428,0.9333,28,599.6131960380674
PROMO-0021,Spring Sale 2017,GenZ,2017-03-31,2017-03,0.7352941176470589,1.2058823529411764,2,0.9597970588235294,0.9333,34,13.315737745274856
PROMO-0021,Spring Sale 2017,GenZ,2017-04-30,2017-04,0.7777777777777778,1.1666666666666667,2,0.9611111111111111,0.9333,36,4727.426633742592
PROMO-0022,Mid-Year Sale 2017,GenZ,2017-06-30,2017-06,0.75,1.125,3,0.9625025,0.9,40,14649.290710817735
PROMO-0022,Mid-Year Sale 2017,GenZ,2017-07-31,2017-07,0.675,1.075,2,0.9641624999999999,0.9333,40,17293.98915763356
PROMO-0023,Fall Launch 2017,GenZ,2017-08-31,2017-08,0.7317073170731707,1.2439024390243902,4,0.9585341463414634,0.8667,41,18053.822453792927
PROMO-0023,Fall Launch 2017,GenZ,2017-09-30,2017-09,0.6388888888888888,1.0833333333333333,6,0.963888888888889,0.8,36,12269.088829322991
PROMO-0023,Fall Launch 2017,GenZ,2017-10-31,2017-10,0.6216216216216216,0.8108108108108109,2,0.9729810810810812,0.9333,37,5880.262240798841
PROMO-0024,Year-End Sale 2017,GenZ,2017-11-30,2017-11,0.6296296296296297,1.0,2,0.9666629629629631,0.9333,27,11198.048653494057
PROMO-0024,Year-End Sale 2017,GenZ,2017-12-31,2017-12,0.7297297297297297,1.054054054054054,2,0.9648675675675675,0.9333,37,6225.652213265911
PROMO-0024,Year-End Sale 2017,GenZ,2018-01-31,2018-01,0.5625,0.8125,2,0.97291875,0.9333,32,1694.2660083985681
PROMO-0027,Spring Sale 2018,GenZ,2018-03-31,2018-03,0.7105263157894737,1.0,2,0.9666710526315789,0.9333,38,1278.2669988329126
PROMO-0027,Spring Sale 2018,GenZ,2018-04-30,2018-04,0.7727272727272727,1.0909090909090908,2,0.963640909090909,0.9333,44,6957.365648143914
PROMO-0028,Mid-Year Sale 2018,GenZ,2018-06-30,2018-06,0.6595744680851063,2.5531914893617023,17,0.9148914893617022,0.4333,47,54205.052295542104
PROMO-0028,Mid-Year Sale 2018,GenZ,2018-07-31,2018-07,0.6363636363636364,1.4545454545454546,9,0.9515136363636363,0.7,44,45813.27175225047
PROMO-0029,Fall Launch 2018,GenZ,2018-08-31,2018-08,0.7441860465116279,1.6046511627906976,8,0.9465116279069768,0.7333,43,42941.0398231469
PROMO-0029,Fall Launch 2018,GenZ,2018-09-30,2018-09,0.575,0.875,2,0.9708325,0.9333,40,15571.512449228978
PROMO-0029,Fall Launch 2018,GenZ,2018-10-31,2018-10,0.7317073170731707,1.1951219512195121,2,0.9601560975609755,0.9333,41,11296.799665042889
PROMO-0030,Year-End Sale 2018,GenZ,2018-11-30,2018-11,0.696969696969697,1.1818181818181819,2,0.9605969696969697,0.9333,33,21957.770470658084
PROMO-0030,Year-End Sale 2018,GenZ,2018-12-31,2018-12,0.7419354838709677,1.0,2,0.966674193548387,0.9333,31,9018.740218265626
PROMO-0030,Year-End Sale 2018,GenZ,2019-01-31,2019-01,0.5666666666666667,0.9666666666666667,2,0.96777,0.9333,30,3769.328204548273
PROMO-0031,Spring Sale 2019,GenZ,2019-03-31,2019-03,0.5957446808510638,1.1063829787234043,7,0.9631191489361701,0.7667,47,1247.9151679547465
PROMO-0031,Spring Sale 2019,GenZ,2019-04-30,2019-04,0.7291666666666666,1.2083333333333333,3,0.9597166666666667,0.9,48,5989.605066846284
PROMO-0032,Mid-Year Sale 2019,GenZ,2019-06-30,2019-06,0.7843137254901961,1.2745098039215685,6,0.9575196078431373,0.8,51,13900.319992631123
PROMO-0032,Mid-Year Sale 2019,GenZ,2019-07-31,2019-07,0.58,0.98,6,0.967334,0.8,50,9535.005609372958
PROMO-0033,Fall Launch 2019,GenZ,2019-08-31,2019-08,0.7358490566037735,1.1886792452830188,7,0.9603811320754717,0.7667,53,11890.681004691107
PROMO-0033,Fall Launch 2019,GenZ,2019-09-30,2019-09,0.6086956521739131,0.9130434782608695,2,0.9695652173913044,0.9333,46,7467.155711985407
PROMO-0033,Fall Launch 2019,GenZ,2019-10-31,2019-10,0.7346938775510204,1.163265306122449,2,0.9612204081632654,0.9333,49,7963.710388136965
PROMO-0034,Year-End Sale 2019,GenZ,2019-11-30,2019-11,0.675,1.025,2,0.9658325,0.9333,40,8964.919126163904
PROMO-0034,Year-End Sale 2019,GenZ,2019-12-31,2019-12,0.6097560975609756,0.8536585365853658,2,0.9715487804878049,0.9333,41,2925.690320132909
PROMO-0034,Year-End Sale 2019,GenZ,2020-01-31,2020-01,0.7,1.1,2,0.9633299999999999,0.9333,30,1087.6345255241627
PROMO-0037,Spring Sale 2020,GenZ,2020-03-31,2020-03,0.6521739130434783,0.8478260869565217,2,0.9717478260869565,0.9333,46,-187.98118834739816
PROMO-0037,Spring Sale 2020,GenZ,2020-04-30,2020-04,0.6481481481481481,1.0185185185185186,2,0.9660462962962962,0.9333,54,2393.8349024105146
PROMO-0038,Mid-Year Sale 2020,GenZ,2020-06-30,2020-06,0.6792452830188679,1.0943396226415094,4,0.9635226415094339,0.8667,53,6890.698783925129
PROMO-0038,Mid-Year Sale 2020,GenZ,2020-07-31,2020-07,0.631578947368421,0.8070175438596491,2,0.9731087719298245,0.9333,57,6266.1889750698265
PROMO-0039,Fall Launch 2020,GenZ,2020-08-31,2020-08,0.6923076923076923,1.0769230769230769,2,0.9641000000000001,0.9333,52,7072.055227138557
PROMO-0039,Fall Launch 2020,GenZ,2020-09-30,2020-09,0.7021276595744681,0.9361702127659575,2,0.9688021276595745,0.9333,47,6520.607145521994
PROMO-0039,Fall Launch 2020,GenZ,2020-10-31,2020-10,0.6521739130434783,0.8913043478260869,2,0.9702956521739131,0.9333,46,3438.7225593940107
PROMO-0040,Year-End Sale 2020,GenZ,2020-11-30,2020-11,0.627906976744186,0.9069767441860465,2,0.9697697674418605,0.9333,43,5954.648884125257
PROMO-0040,Year-End Sale 2020,GenZ,2020-12-31,2020-12,0.6486486486486487,1.027027027027027,2,0.9657621621621623,0.9333,37,3041.2906314942775
PROMO-0040,Year-End Sale 2020,GenZ,2021-01-31,2021-01,0.78125,1.1875,2,0.960415625,0.9333,32,2078.1587537956307
PROMO-0041,Spring Sale 2021,GenZ,2021-03-31,2021-03,0.5714285714285714,1.1785714285714286,15,0.9607107142857142,0.5,56,1483.6774746711828
PROMO-0041,Spring Sale 2021,GenZ,2021-04-30,2021-04,0.631578947368421,0.9473684210526315,2,0.968421052631579,0.9333,57,3792.594502568184
PROMO-0042,Mid-Year Sale 2021,GenZ,2021-06-30,2021-06,0.8064516129032258,1.2741935483870968,3,0.9575258064516129,0.9,62,13572.35262809097
PROMO-0042,Mid-Year Sale 2021,GenZ,2021-07-31,2021-07,0.6551724137931034,0.9827586206896551,2,0.9672413793103448,0.9333,58,9371.207654033245
PROMO-0043,Fall Launch 2021,GenZ,2021-08-31,2021-08,0.6428571428571429,1.0,4,0.9666678571428572,0.8667,56,7087.613416457251
PROMO-0043,Fall Launch 2021,GenZ,2021-09-30,2021-09,0.6792452830188679,1.3018867924528301,15,0.9566018867924528,0.5,53,8885.367105683159
PROMO-0043,Fall Launch 2021,GenZ,2021-10-31,2021-10,0.7659574468085106,1.297872340425532,10,0.9567425531914894,0.6667,47,6720.87795584511
PROMO-0044,Year-End Sale 2021,GenZ,2021-11-30,2021-11,0.5581395348837209,0.7906976744186046,2,0.9736465116279069,0.9333,43,4231.881997358721
PROMO-0044,Year-End Sale 2021,GenZ,2021-12-31,2021-12,0.625,1.1666666666666667,13,0.9611125,0.5667,48,2539.8464161050842
PROMO-0044,Year-End Sale 2021,GenZ,2022-01-31,2022-01,0.6190476190476191,0.9047619047619048,2,0.9698428571428572,0.9333,42,454.08515133867456
PROMO-0047,Spring Sale 2022,GenZ,2022-03-31,2022-03,0.6666666666666666,1.1666666666666667,12,0.9611149999999999,0.6,60,2645.1434825726637
PROMO-0047,Spring Sale 2022,GenZ,2022-04-30,2022-04,0.7413793103448276,1.5862068965517242,16,0.9471224137931035,0.4667,58,10566.331412036117
PROMO-0048,Mid-Year Sale 2022,GenZ,2022-06-30,2022-06,0.7166666666666667,1.1166666666666667,6,0.9627816666666666,0.8,60,13429.224671014468
PROMO-0048,Mid-Year Sale 2022,GenZ,2022-07-31,2022-07,0.7719298245614035,1.1754385964912282,6,0.9608228070175439,0.8,57,18060.819468076457
PROMO-0049,Fall Launch 2022,GenZ,2022-08-31,2022-08,0.6166666666666667,0.95,2,0.9683316666666666,0.9333,60,9330.043977945901
PROMO-0049,Fall Launch 2022,GenZ,2022-09-30,2022-09,0.6346153846153846,0.9423076923076923,2,0.9685903846153846,0.9333,52,9340.991324932584
PROMO-0049,Fall Launch 2022,GenZ,2022-10-31,2022-10,0.7272727272727273,1.2272727272727273,2,0.9590818181818183,0.9333,44,9162.196833573451
PROMO-0050,Year-End Sale 2022,GenZ,2022-11-30,2022-11,0.6190476190476191,0.9047619047619048,2,0.9698428571428572,0.9333,42,6992.854276426033
PROMO-0050,Year-End Sale 2022,GenZ,2022-12-31,2022-12,0.5681818181818182,0.8409090909090909,2,0.9719704545454545,0.9333,44,2139.3124015339445
PROMO-0006,Rural Special 2013,Outdoor,2013-01-31,2013-01,0.6,1.0,7,0.966668,0.7667,175,112738.22570944154
PROMO-0006,Rural Special 2013,Outdoor,2013-02-28,2013-02,0.6847826086956522,1.3315217391304348,21,0.9556152173913044,0.3,184,170362.3277311435
PROMO-0001,Spring Sale 2013,Outdoor,2013-03-31,2013-03,0.7062146892655368,1.2033898305084745,11,0.9598870056497175,0.6333,177,86450.15806424135
PROMO-0006,Rural Special 2013,Outdoor,2013-03-31,2013-03,0.7062146892655368,1.2033898305084745,11,0.9598870056497175,0.6333,177,86450.15806424135
PROMO-0001,Spring Sale 2013,Outdoor,2013-04-30,2013-04,0.7058823529411765,1.2834224598930482,15,0.9572224598930481,0.5,187,19738.802202131737
PROMO-0002,Mid-Year Sale 2013,Outdoor,2013-06-30,2013-06,0.6983240223463687,1.0837988826815643,10,0.9638748603351955,0.6667,179,80881.19418149858
PROMO-0002,Mid-Year Sale 2013,Outdoor,2013-07-31,2013-07,0.7337278106508875,1.183431952662722,2,0.9605467455621303,0.9333,169,110826.88532286513
PROMO-0003,Fall Launch 2013,Outdoor,2013-08-31,2013-08,0.6790123456790124,1.0308641975308641,2,0.9656370370370371,0.9333,162,59968.29485536886
PROMO-0003,Fall Launch 2013,Outdoor,2013-09-30,2013-09,0.6069364161849711,0.9479768786127167,3,0.9683988439306358,0.9,173,46261.43326028916
PROMO-0003,Fall Launch 2013,Outdoor,2013-10-31,2013-10,0.6763005780346821,1.4508670520231215,22,0.9516358381502891,0.2667,173,51502.68014683067
PROMO-0004,Year-End Sale 2013,Outdoor,2013-11-30,2013-11,0.651685393258427,1.8202247191011236,28,0.939326404494382,0.0667,178,125592.29622934508
PROMO-0004,Year-End Sale 2013,Outdoor,2013-12-31,2013-12,0.7111111111111111,2.7666666666666666,26,0.9077761111111111,0.1333,180,116120.3581856965
PROMO-0004,Year-End Sale 2013,Outdoor,2014-01-31,2014-01,0.7,1.238888888888889,20,0.9587044444444445,0.3333,180,-31871.707154900207
PROMO-0007,Spring Sale 2014,Outdoor,2014-03-31,2014-03,0.6277777777777778,0.9555555555555556,7,0.9681511111111111,0.7667,180,-774.6931529001828
PROMO-0007,Spring Sale 2014,Outdoor,2014-04-30,2014-04,0.6612903225806451,1.1612903225806452,9,0.9612908602150538,0.7,186,90580.11660960806
PROMO-0008,Mid-Year Sale 2014,Outdoor,2014-06-30,2014-06,0.6510416666666666,1.0,2,0.9666651041666667,0.9333,192,81924.5512710439
PROMO-0008,Mid-Year Sale 2014,Outdoor,2014-07-31,2014-07,0.6395348837209303,0.9476744186046512,2,0.9684116279069768,0.9333,172,77841.79430317205
PROMO-0009,Fall Launch 2014,Outdoor,2014-08-31,2014-08,0.6288659793814433,0.9123711340206185,2,0.9695896907216496,0.9333,194,54224.67971250839
PROMO-0009,Fall Launch 2014,Outdoor,2014-09-30,2014-09,0.6839080459770115,1.1436781609195403,10,0.9618764367816092,0.6667,174,61456.63387528856
PROMO-0009,Fall Launch 2014,Outdoor,2014-10-31,2014-10,0.7458563535911602,1.2044198895027625,11,0.9598524861878454,0.6333,181,45343.04243218439
PROMO-0010,Year-End Sale 2014,Outdoor,2014-11-30,2014-11,0.6968085106382979,1.1329787234042554,10,0.9622324468085106,0.6667,188,92186.4636065717
PROMO-0010,Year-End Sale 2014,Outdoor,2014-12-31,2014-12,0.6787564766839378,1.4352331606217616,24,0.952160621761658,0.2,193,62133.81394879941
PROMO-0010,Year-End Sale 2014,Outdoor,2015-01-31,2015-01,0.7172774869109948,1.1570680628272252,4,0.9614293193717278,0.8667,191,-26266.911584446454
PROMO-0016,Rural Special 2015,Outdoor,2015-01-31,2015-01,0.7172774869109948,1.1570680628272252,4,0.9614293193717278,0.8667,191,-26266.911584446454
PROMO-0016,Rural Special 2015,Outdoor,2015-02-28,2015-02,0.630057803468208,1.0982658959537572,10,0.9633884393063584,0.6667,173,-33764.35349565632
PROMO-0011,Spring Sale 2015,Outdoor,2015-03-31,2015-03,0.6373626373626373,1.0384615384615385,7,0.965384065934066,0.7667,182,-48901.43564100691
PROMO-0016,Rural Special 2015,Outdoor,2015-03-31,2015-03,0.6373626373626373,1.0384615384615385,7,0.965384065934066,0.7667,182,-48901.43564100691
PROMO-0011,Spring Sale 2015,Outdoor,2015-04-30,2015-04,0.6961325966850829,1.3259668508287292,15,0.9557972375690608,0.5,181,45759.56374487217
PROMO-0012,Mid-Year Sale 2015,Outdoor,2015-06-30,2015-06,0.6460674157303371,0.9719101123595506,2,0.9676028089887642,0.9333,178,88211.6954181806
PROMO-0012,Mid-Year Sale 2015,Outdoor,2015-07-31,2015-07,0.6961325966850829,1.0165745856353592,2,0.9661160220994475,0.9333,181,105051.71392887953
PROMO-0013,Fall Launch 2015,Outdoor,2015-08-31,2015-08,0.6276595744680851,1.1808510638297873,25,0.960643085106383,0.1667,188,80498.3275420247
PROMO-0013,Fall Launch 2015,Outdoor,2015-09-30,2015-09,0.7058823529411765,1.4705882352941178,21,0.9509764705882353,0.3,187,99061.17165828621
PROMO-0013,Fall Launch 2015,Outdoor,2015-10-31,2015-10,0.6648936170212766,1.101063829787234,9,0.9632973404255318,0.7,188,50470.53203688185
PROMO-0014,Year-End Sale 2015,Outdoor,2015-11-30,2015-11,0.734375,1.2604166666666667,8,0.9579864583333334,0.7333,192,118783.92372058915
PROMO-0014,Year-End Sale 2015,Outdoor,2015-12-31,2015-12,0.697560975609756,1.3414634146341464,22,0.9552829268292683,0.2667,205,67524.93703253608
PROMO-0014,Year-End Sale 2015,Outdoor,2016-01-31,2016-01,0.7070707070707071,1.0808080808080809,7,0.9639747474747474,0.7667,198,-15298.118446472889
PROMO-0017,Spring Sale 2016,Outdoor,2016-03-31,2016-03,0.7068062827225131,1.0785340314136125,6,0.9640502617801047,0.8,191,15457.255136887119
PROMO-0017,Spring Sale 2016,Outdoor,2016-04-30,2016-04,0.6382978723404256,1.0691489361702127,4,0.9643574468085107,0.8667,188,87927.05083279259
PROMO-0018,Mid-Year Sale 2016,Outdoor,2016-06-30,2016-06,0.6436781609195402,0.9080459770114943,2,0.9697356321839081,0.9333,174,72657.632310293
PROMO-0018,Mid-Year Sale 2016,Outdoor,2016-07-31,2016-07,0.6610169491525424,1.0960451977401129,6,0.9634610169491525,0.8,177,93735.96957353076
PROMO-0019,Fall Launch 2016,Outdoor,2016-08-31,2016-08,0.6938775510204082,1.0357142857142858,6,0.9654806122448979,0.8,196,69640.92099292313
PROMO-0019,Fall Launch 2016,Outdoor,2016-09-30,2016-09,0.6810810810810811,1.0486486486486486,2,0.9650432432432432,0.9333,185,69314.93367872466
PROMO-0019,Fall Launch 2016,Outdoor,2016-10-31,2016-10,0.639344262295082,0.907103825136612,2,0.9697666666666667,0.9333,183,41938.18888984288
PROMO-0020,Year-End Sale 2016,Outdoor,2016-11-30,2016-11,0.705,1.075,2,0.9641655,0.9333,200,90561.07756179734
PROMO-0020,Year-End Sale 2016,Outdoor,2016-12-31,2016-12,0.6878048780487804,1.224390243902439,11,0.9591858536585367,0.6333,205,50548.28252863318
PROMO-0020,Year-End Sale 2016,Outdoor,2017-01-31,2017-01,0.71875,1.15625,4,0.9614557291666667,0.8667,192,-17827.021541118145
PROMO-0026,Rural Special 2017,Outdoor,2017-01-31,2017-01,0.71875,1.15625,4,0.9614557291666667,0.8667,192,-17827.021541118145
PROMO-0026,Rural Special 2017,Outdoor,2017-02-28,2017-02,0.6722222222222223,1.0,4,0.9666683333333334,0.8667,180,-21935.56942189589
PROMO-0021,Spring Sale 2017,Outdoor,2017-03-31,2017-03,0.7172774869109948,1.12565445026178,9,0.9624785340314137,0.7,191,-45897.28290300473
PROMO-0026,Rural Special 2017,Outdoor,2017-03-31,2017-03,0.7172774869109948,1.12565445026178,9,0.9624785340314137,0.7,191,-45897.28290300473
PROMO-0021,Spring Sale 2017,Outdoor,2017-04-30,2017-04,0.6075268817204301,0.8494623655913979,2,0.9716887096774194,0.9333,186,18053.928094201845
PROMO-0022,Mid-Year Sale 2017,Outdoor,2017-06-30,2017-06,0.7052631578947368,1.068421052631579,3,0.9643857894736843,0.9,190,86699.25027616613
PROMO-0022,Mid-Year Sale 2017,Outdoor,2017-07-31,2017-07,0.6444444444444445,0.95,2,0.9683344444444444,0.9333,180,80003.67715376399
PROMO-0023,Fall Launch 2017,Outdoor,2017-08-31,2017-08,0.6456310679611651,0.9514563106796117,4,0.9682873786407766,0.8667,206,57212.63604208461
PROMO-0023,Fall Launch 2017,Outdoor,2017-09-30,2017-09,0.6770833333333334,1.078125,7,0.9640645833333333,0.7667,192,57423.811424342486
PROMO-0023,Fall Launch 2017,Outdoor,2017-10-31,2017-10,0.6752577319587629,1.211340206185567,13,0.959621649484536,0.5667,194,41312.87999022762
PROMO-0024,Year-End Sale 2017,Outdoor,2017-11-30,2017-11,0.6699507389162561,1.4482758620689655,22,0.951720197044335,0.2667,203,93040.38089843173
PROMO-0024,Year-End Sale 2017,Outdoor,2017-12-31,2017-12,0.6598984771573604,1.4568527918781726,26,0.9514385786802031,0.1333,197,58478.95256122613
PROMO-0024,Year-End Sale 2017,Outdoor,2018-01-31,2018-01,0.6329787234042553,0.9840425531914894,2,0.9671962765957447,0.9333,188,-2568.473171072119
PROMO-0027,Spring Sale 2018,Outdoor,2018-03-31,2018-03,0.6818181818181818,1.0340909090909092,2,0.9655295454545455,0.9333,176,3633.683574215564
PROMO-0027,Spring Sale 2018,Outdoor,2018-04-30,2018-04,0.6875,1.015625,6,0.96615,0.8,192,61505.51432885439
PROMO-0028,Mid-Year Sale 2018,Outdoor,2018-06-30,2018-06,0.6949152542372882,1.0677966101694916,2,0.9644050847457627,0.9333,177,69985.94324494216
PROMO-0028,Mid-Year Sale 2018,Outdoor,2018-07-31,2018-07,0.656441717791411,1.01840490797546,2,0.9660509202453987,0.9333,163,62465.549356812684
PROMO-0029,Fall Launch 2018,Outdoor,2018-08-31,2018-08,0.6058823529411764,0.9,2,0.9700005882352942,0.9333,170,35420.895066782396
PROMO-0029,Fall Launch 2018,Outdoor,2018-09-30,2018-09,0.625,0.94375,2,0.96854125,0.9333,160,30312.139560591055
PROMO-0029,Fall Launch 2018,Outdoor,2018-10-31,2018-10,0.6305732484076433,0.9490445859872612,2,0.9683649681528662,0.9333,157,18386.93725066173
PROMO-0030,Year-End Sale 2018,Outdoor,2018-11-30,2018-11,0.6133333333333333,0.9666666666666667,8,0.9677793333333333,0.7333,150,34367.53717537761
PROMO-0030,Year-End Sale 2018,Outdoor,2018-12-31,2018-12,0.6349206349206349,0.9894179894179894,2,0.9670169312169312,0.9333,189,19958.089593770143
PROMO-0030,Year-End Sale 2018,Outdoor,2019-01-31,2019-01,0.6127167630057804,0.9132947976878613,2,0.969557225433526,0.9333,173,-2460.1812044855847
PROMO-0036,Rural Special 2019,Outdoor,2019-01-31,2019-01,0.6127167630057804,0.9132947976878613,2,0.969557225433526,0.9333,173,-2460.1812044855847
PROMO-0036,Rural Special 2019,Outdoor,2019-02-28,2019-02,0.6436781609195402,0.9597701149425287,2,0.9680080459770115,0.9333,174,-6153.189581119006
PROMO-0031,Spring Sale 2019,Outdoor,2019-03-31,2019-03,0.6875,0.9652777777777778,2,0.9678284722222222,0.9333,144,-18951.040997016105
PROMO-0036,Rural Special 2019,Outdoor,2019-03-31,2019-03,0.6875,0.9652777777777778,2,0.9678284722222222,0.9333,144,-18951.040997016105
PROMO-0031,Spring Sale 2019,Outdoor,2019-04-30,2019-04,0.7142857142857143,1.0124223602484472,3,0.9662571428571428,0.9,161,9607.4890695853
PROMO-0032,Mid-Year Sale 2019,Outdoor,2019-06-30,2019-06,0.7543859649122807,1.1812865497076024,2,0.9606204678362573,0.9333,171,44725.63221443059
PROMO-0032,Mid-Year Sale 2019,Outdoor,2019-07-31,2019-07,0.6842105263157895,1.0263157894736843,2,0.9657894736842106,0.9333,152,41043.0349052293
PROMO-0033,Fall Launch 2019,Outdoor,2019-08-31,2019-08,0.6829268292682927,1.0426829268292683,2,0.9652426829268292,0.9333,164,30993.414997694534
PROMO-0033,Fall Launch 2019,Outdoor,2019-09-30,2019-09,0.5686274509803921,0.9019607843137255,2,0.9699313725490195,0.9333,153,20683.439743455492
PROMO-0033,Fall Launch 2019,Outdoor,2019-10-31,2019-10,0.7114093959731543,1.1208053691275168,2,0.9626362416107384,0.9333,149,21520.123019012808
PROMO-0034,Year-End Sale 2019,Outdoor,2019-11-30,2019-11,0.6814814814814815,1.0296296296296297,2,0.9656785185185186,0.9333,135,34975.08902432782
PROMO-0034,Year-End Sale 2019,Outdoor,2019-12-31,2019-12,0.6265060240963856,0.9036144578313253,2,0.9698819277108435,0.9333,166,13752.53987704781
PROMO-0034,Year-End Sale 2019,Outdoor,2020-01-31,2020-01,0.5826771653543307,0.8740157480314961,4,0.9708677165354331,0.8667,127,-4919.2517093504675
PROMO-0037,Spring Sale 2020,Outdoor,2020-03-31,2020-03,0.6573426573426573,0.993006993006993,9,0.9669027972027971,0.7,143,4441.95799913307
PROMO-0037,Spring Sale 2020,Outdoor,2020-04-30,2020-04,0.6826347305389222,1.089820359281437,6,0.9636718562874251,0.8,167,36677.935707725075
PROMO-0038,Mid-Year Sale 2020,Outdoor,2020-06-30,2020-06,0.75,1.1283783783783783,5,0.9623885135135136,0.8333,148,40507.078622336376
PROMO-0038,Mid-Year Sale 2020,Outdoor,2020-07-31,2020-07,0.6691176470588235,1.0294117647058822,2,0.9656845588235294,0.9333,136,34487.58567204006
PROMO-0039,Fall Launch 2020,Outdoor,2020-08-31,2020-08,0.6770186335403726,0.9627329192546584,2,0.9679124223602484,0.9333,161,23956.042945333713
PROMO-0039,Fall Launch 2020,Outdoor,2020-09-30,2020-09,0.7172413793103448,1.0620689655172413,2,0.9645986206896553,0.9333,145,22130.38878589762
PROMO-0039,Fall Launch 2020,Outdoor,2020-10-31,2020-10,0.6466165413533834,1.0,3,0.9666654135338345,0.9,133,11829.353090674225
PROMO-0040,Year-End Sale 2020,Outdoor,2020-11-30,2020-11,0.7063492063492064,0.9920634920634921,2,0.9669357142857142,0.9333,126,26076.58236350158
PROMO-0040,Year-End Sale 2020,Outdoor,2020-12-31,2020-12,0.6503067484662577,0.9570552147239264,2,0.9680993865030674,0.9333,163,12596.122404014755
PROMO-0040,Year-End Sale 2020,Outdoor,2021-01-31,2021-01,0.6589147286821705,1.054263565891473,2,0.964853488372093,0.9333,129,-3080.066230956871
PROMO-0046,Rural Special 2021,Outdoor,2021-01-31,2021-01,0.6589147286821705,1.054263565891473,2,0.964853488372093,0.9333,129,-3080.066230956871
PROMO-0046,Rural Special 2021,Outdoor,2021-02-28,2021-02,0.6240601503759399,0.9398496240601504,2,0.9686714285714286,0.9333,133,-4197.357454311506
PROMO-0041,Spring Sale 2021,Outdoor,2021-03-31,2021-03,0.6722222222222223,1.0333333333333334,6,0.9655572222222222,0.8,180,-11118.632671452184
PROMO-0046,Rural Special 2021,Outdoor,2021-03-31,2021-03,0.6722222222222223,1.0333333333333334,6,0.9655572222222222,0.8,180,-11118.632671452184
PROMO-0041,Spring Sale 2021,Outdoor,2021-04-30,2021-04,0.6851851851851852,1.1728395061728396,13,0.9609055555555555,0.5667,162,14476.452537744944
PROMO-0042,Mid-Year Sale 2021,Outdoor,2021-06-30,2021-06,0.697841726618705,1.1654676258992807,11,0.9611517985611511,0.6333,139,30847.33691109866
PROMO-0042,Mid-Year Sale 2021,Outdoor,2021-07-31,2021-07,0.6068376068376068,0.9401709401709402,2,0.9686589743589744,0.9333,117,21642.46172633958
PROMO-0043,Fall Launch 2021,Outdoor,2021-08-31,2021-08,0.7441860465116279,1.1007751937984496,2,0.9633085271317829,0.9333,129,21999.31353494579
PROMO-0043,Fall Launch 2021,Outdoor,2021-09-30,2021-09,0.6446280991735537,0.9834710743801653,2,0.9672165289256198,0.9333,121,14161.11690415209
PROMO-0043,Fall Launch 2021,Outdoor,2021-10-31,2021-10,0.5658914728682171,1.1395348837209303,18,0.9620131782945737,0.4,129,8330.772085428569
PROMO-0044,Year-End Sale 2021,Outdoor,2021-11-30,2021-11,0.6837606837606838,1.0256410256410255,2,0.9658119658119658,0.9333,117,19476.943554730424
PROMO-0044,Year-End Sale 2021,Outdoor,2021-12-31,2021-12,0.6987179487179487,1.1025641025641026,4,0.9632467948717949,0.8667,156,11196.55368357822
PROMO-0044,Year-End Sale 2021,Outdoor,2022-01-31,2022-01,0.5714285714285714,1.0089285714285714,7,0.9663642857142857,0.7667,112,-5699.918713930851
PROMO-0047,Spring Sale 2022,Outdoor,2022-03-31,2022-03,0.6518518518518519,0.9111111111111111,2,0.9696340740740741,0.9333,135,1859.0953293338152
PROMO-0047,Spring Sale 2022,Outdoor,2022-04-30,2022-04,0.7342657342657343,1.1398601398601398,5,0.9620048951048951,0.8333,143,29181.312204808128
PROMO-0048,Mid-Year Sale 2022,Outdoor,2022-06-30,2022-06,0.6825396825396826,0.9920634920634921,2,0.9669333333333333,0.9333,126,23155.744061793248
PROMO-0048,Mid-Year Sale 2022,Outdoor,2022-07-31,2022-07,0.6851851851851852,1.0,2,0.9666685185185185,0.9333,108,23367.1339698599
PROMO-0049,Fall Launch 2022,Outdoor,2022-08-31,2022-08,0.6518518518518519,1.0074074074074073,2,0.9664177777777777,0.9333,135,15777.588960688168
PROMO-0049,Fall Launch 2022,Outdoor,2022-09-30,2022-09,0.6782608695652174,1.0521739130434782,2,0.9649252173913044,0.9333,115,15341.91065136549
PROMO-0049,Fall Launch 2022,Outdoor,2022-10-31,2022-10,0.7016129032258065,1.0887096774193548,2,0.9637072580645162,0.9333,124,8610.75081037219
PROMO-0050,Year-End Sale 2022,Outdoor,2022-11-30,2022-11,0.7333333333333333,1.3416666666666666,16,0.9552783333333333,0.4667,120,26544.055988340893
PROMO-0050,Year-End Sale 2022,Outdoor,2022-12-31,2022-12,0.6597222222222222,1.2986111111111112,25,0.9567152777777778,0.1667,144,10918.41755430141
PROMO-0001,Spring Sale 2013,Streetwear,2013-03-31,2013-03,0.7154811715481172,1.3221757322175731,26,0.9559259414225941,0.1333,239,397243.8261687805
PROMO-0001,Spring Sale 2013,Streetwear,2013-04-30,2013-04,0.6968503937007874,1.4566929133858268,24,0.9514452755905513,0.2,254,362687.2152678749
PROMO-0002,Mid-Year Sale 2013,Streetwear,2013-06-30,2013-06,0.628,1.096,10,0.9634656,0.6667,250,364183.7200842384
PROMO-0002,Mid-Year Sale 2013,Streetwear,2013-07-31,2013-07,0.6640625,1.0859375,10,0.963801171875,0.6667,256,442131.5357096204
PROMO-0005,Urban Blowout 2013,Streetwear,2013-07-31,2013-07,0.6640625,1.0859375,10,0.963801171875,0.6667,256,442131.5357096204
PROMO-0003,Fall Launch 2013,Streetwear,2013-08-31,2013-08,0.6259541984732825,1.1374045801526718,23,0.9620870229007633,0.2333,262,256396.32589868506
PROMO-0005,Urban Blowout 2013,Streetwear,2013-08-31,2013-08,0.6259541984732825,1.1374045801526718,23,0.9620870229007633,0.2333,262,256396.32589868506
PROMO-0003,Fall Launch 2013,Streetwear,2013-09-30,2013-09,0.6765799256505576,1.0780669144981412,9,0.9640661710037175,0.7,269,-342793.3930864682
PROMO-0005,Urban Blowout 2013,Streetwear,2013-09-30,2013-09,0.6765799256505576,1.0780669144981412,9,0.9640661710037175,0.7,269,-342793.3930864682
PROMO-0003,Fall Launch 2013,Streetwear,2013-10-31,2013-10,0.6937984496124031,1.244186046511628,17,0.958527519379845,0.4333,258,-586004.8598934334
PROMO-0004,Year-End Sale 2013,Streetwear,2013-11-30,2013-11,0.6831275720164609,1.1111111111111112,18,0.9629629629629629,0.4,243,-329358.5714167552
PROMO-0004,Year-End Sale 2013,Streetwear,2013-12-31,2013-12,0.66796875,1.0,5,0.96666953125,0.8333,256,87421.21964335887
PROMO-0004,Year-End Sale 2013,Streetwear,2014-01-31,2014-01,0.6637168141592921,0.9690265486725663,5,0.9677017699115045,0.8333,226,41677.94749703767
PROMO-0007,Spring Sale 2014,Streetwear,2014-03-31,2014-03,0.686046511627907,1.4883720930232558,22,0.9503868217054264,0.2667,258,128729.67450372431
PROMO-0007,Spring Sale 2014,Streetwear,2014-04-30,2014-04,0.7311827956989247,1.7526881720430108,28,0.9415745519713261,0.0667,279,446153.2141319744
PROMO-0008,Mid-Year Sale 2014,Streetwear,2014-06-30,2014-06,0.6486486486486487,1.2046332046332047,18,0.9598451737451738,0.4,259,480052.0377122004
PROMO-0008,Mid-Year Sale 2014,Streetwear,2014-07-31,2014-07,0.7037037037037037,1.1,11,0.9633344444444445,0.6333,270,539668.2587871726
PROMO-0009,Fall Launch 2014,Streetwear,2014-08-31,2014-08,0.6654411764705882,1.4522058823529411,25,0.95159375,0.1667,272,501586.59131091984
PROMO-0009,Fall Launch 2014,Streetwear,2014-09-30,2014-09,0.671875,1.25390625,19,0.958204296875,0.3667,256,383655.5169822123
PROMO-0009,Fall Launch 2014,Streetwear,2014-10-31,2014-10,0.6518218623481782,1.2348178137651822,16,0.9588364372469637,0.4667,247,229754.13244103617
PROMO-0010,Year-End Sale 2014,Streetwear,2014-11-30,2014-11,0.6371681415929203,0.9601769911504425,4,0.9679951327433628,0.8667,226,294445.31375726627
PROMO-0010,Year-End Sale 2014,Streetwear,2014-12-31,2014-12,0.6348547717842323,0.950207468879668,7,0.9683282157676348,0.7667,241,119820.2551586823
PROMO-0010,Year-End Sale 2014,Streetwear,2015-01-31,2015-01,0.7035398230088495,1.1902654867256637,23,0.9603247787610619,0.2333,226,40169.59119650214
PROMO-0011,Spring Sale 2015,Streetwear,2015-03-31,2015-03,0.6007751937984496,1.1434108527131783,22,0.9618860465116279,0.2667,258,104556.13566283608
PROMO-0011,Spring Sale 2015,Streetwear,2015-04-30,2015-04,0.6992753623188406,1.6992753623188406,25,0.9433583333333333,0.1667,276,453943.02241484186
PROMO-0012,Mid-Year Sale 2015,Streetwear,2015-06-30,2015-06,0.6728624535315985,1.2527881040892193,21,0.9582423791821562,0.3,269,521908.7566143286
PROMO-0012,Mid-Year Sale 2015,Streetwear,2015-07-31,2015-07,0.6311787072243346,1.0608365019011408,9,0.9646346007604563,0.7,263,496897.33426898636
PROMO-0015,Urban Blowout 2015,Streetwear,2015-07-31,2015-07,0.6311787072243346,1.0608365019011408,9,0.9646346007604563,0.7,263,496897.33426898636
PROMO-0013,Fall Launch 2015,Streetwear,2015-08-31,2015-08,0.6593406593406593,1.2673992673992673,28,0.9577538461538461,0.0667,273,418799.60730256274
PROMO-0015,Urban Blowout 2015,Streetwear,2015-08-31,2015-08,0.6593406593406593,1.2673992673992673,28,0.9577538461538461,0.0667,273,418799.60730256274
PROMO-0013,Fall Launch 2015,Streetwear,2015-09-30,2015-09,0.6770428015564203,1.2295719844357977,23,0.9590120622568094,0.2333,257,-354019.7732605953
PROMO-0015,Urban Blowout 2015,Streetwear,2015-09-30,2015-09,0.6770428015564203,1.2295719844357977,23,0.9590120622568094,0.2333,257,-354019.7732605953
PROMO-0013,Fall Launch 2015,Streetwear,2015-10-31,2015-10,0.6746987951807228,1.0602409638554218,7,0.9646578313253013,0.7667,249,-500220.327714392
PROMO-0014,Year-End Sale 2015,Streetwear,2015-11-30,2015-11,0.721030042918455,1.0729613733905579,2,0.9642351931330472,0.9333,233,-348711.2268103644
PROMO-0014,Year-End Sale 2015,Streetwear,2015-12-31,2015-12,0.6973684210526315,1.1929824561403508,15,0.9602342105263159,0.5,228,91394.95535739191
PROMO-0014,Year-End Sale 2015,Streetwear,2016-01-31,2016-01,0.6666666666666666,1.045045045045045,8,0.9651653153153154,0.7333,222,-2213.0251884165655
PROMO-0017,Spring Sale 2016,Streetwear,2016-03-31,2016-03,0.6612244897959184,1.2612244897959184,19,0.9579608163265306,0.3667,245,97144.40834053248
PROMO-0017,Spring Sale 2016,Streetwear,2016-04-30,2016-04,0.6483516483516484,1.4505494505494505,18,0.9516472527472527,0.4,273,333647.14919836324
PROMO-0018,Mid-Year Sale 2016,Streetwear,2016-06-30,2016-06,0.7116104868913857,1.4868913857677903,21,0.9504367041198503,0.3,267,678194.8641368053
PROMO-0018,Mid-Year Sale 2016,Streetwear,2016-07-31,2016-07,0.6891385767790262,1.2659176029962547,16,0.9578029962546816,0.4667,267,699612.7012866779
PROMO-0019,Fall Launch 2016,Streetwear,2016-08-31,2016-08,0.6828358208955224,1.6902985074626866,27,0.9436589552238805,0.1,268,680260.857805944
PROMO-0019,Fall Launch 2016,Streetwear,2016-09-30,2016-09,0.71484375,1.6171875,25,0.946091796875,0.1667,256,599253.6907066549
PROMO-0019,Fall Launch 2016,Streetwear,2016-10-31,2016-10,0.673469387755102,1.1673469387755102,13,0.9610914285714286,0.5667,245,217335.1351970641
PROMO-0020,Year-End Sale 2016,Streetwear,2016-11-30,2016-11,0.6958333333333333,1.0791666666666666,7,0.9640283333333334,0.7667,240,374774.48120223015
PROMO-0020,Year-End Sale 2016,Streetwear,2016-12-31,2016-12,0.6208333333333333,1.0916666666666666,21,0.9636116666666666,0.3,240,123758.18015304215
PROMO-0020,Year-End Sale 2016,Streetwear,2017-01-31,2017-01,0.6695652173913044,1.0956521739130434,6,0.9634756521739131,0.8,230,21691.431570941
PROMO-0021,Spring Sale 2017,Streetwear,2017-03-31,2017-03,0.6384615384615384,1.2461538461538462,20,0.9584584615384615,0.3333,260,79443.47948494379
PROMO-0021,Spring Sale 2017,Streetwear,2017-04-30,2017-04,0.7283018867924528,1.4528301886792452,22,0.9515750943396227,0.2667,265,355723.5709961277
PROMO-0022,Mid-Year Sale 2017,Streetwear,2017-06-30,2017-06,0.7137546468401487,1.41635687732342,15,0.9527877323420073,0.5,269,615722.7711947265
PROMO-0022,Mid-Year Sale 2017,Streetwear,2017-07-31,2017-07,0.6872727272727273,1.0727272727272728,7,0.9642425454545455,0.7667,275,565483.0444971534
PROMO-0025,Urban Blowout 2017,Streetwear,2017-07-31,2017-07,0.6872727272727273,1.0727272727272728,7,0.9642425454545455,0.7667,275,565483.0444971534
PROMO-0023,Fall Launch 2017,Streetwear,2017-08-31,2017-08,0.6618705035971223,1.381294964028777,21,0.9539561151079136,0.3,278,482289.3697511692
PROMO-0025,Urban Blowout 2017,Streetwear,2017-08-31,2017-08,0.6618705035971223,1.381294964028777,21,0.9539561151079136,0.3,278,482289.3697511692
PROMO-0023,Fall Launch 2017,Streetwear,2017-09-30,2017-09,0.6602316602316602,1.1814671814671815,10,0.9606181467181468,0.6667,259,-362878.0458872354
PROMO-0025,Urban Blowout 2017,Streetwear,2017-09-30,2017-09,0.6602316602316602,1.1814671814671815,10,0.9606181467181468,0.6667,259,-362878.0458872354
PROMO-0023,Fall Launch 2017,Streetwear,2017-10-31,2017-10,0.6704545454545454,1.071969696969697,6,0.9642666666666666,0.8,264,-545221.1216337618
PROMO-0024,Year-End Sale 2017,Streetwear,2017-11-30,2017-11,0.7208333333333333,1.1625,8,0.9612483333333334,0.7333,240,-388330.28552118933
PROMO-0024,Year-End Sale 2017,Streetwear,2017-12-31,2017-12,0.6947791164658634,1.0843373493975903,6,0.9638558232931727,0.8,249,107024.09643781195
PROMO-0024,Year-End Sale 2017,Streetwear,2018-01-31,2018-01,0.630901287553648,0.9914163090128756,2,0.9669497854077252,0.9333,233,50892.02828235925
PROMO-0027,Spring Sale 2018,Streetwear,2018-03-31,2018-03,0.6802973977695167,1.171003717472119,22,0.9609665427509294,0.2667,269,115053.84509299714
PROMO-0027,Spring Sale 2018,Streetwear,2018-04-30,2018-04,0.6855123674911661,1.1413427561837455,20,0.9619561837455831,0.3333,283,284796.07678794354
PROMO-0028,Mid-Year Sale 2018,Streetwear,2018-06-30,2018-06,0.6237288135593221,1.088135593220339,12,0.963730847457627,0.6,295,479645.3519404689
PROMO-0028,Mid-Year Sale 2018,Streetwear,2018-07-31,2018-07,0.6714285714285714,1.082142857142857,8,0.9639282142857143,0.7333,280,624496.7358963327
PROMO-0029,Fall Launch 2018,Streetwear,2018-08-31,2018-08,0.6950354609929078,1.0673758865248226,3,0.9644195035460993,0.9,282,459817.71958716493
PROMO-0029,Fall Launch 2018,Streetwear,2018-09-30,2018-09,0.6666666666666666,1.0075757575757576,15,0.9664170454545454,0.5,264,346569.84160906845
PROMO-0029,Fall Launch 2018,Streetwear,2018-10-31,2018-10,0.6205533596837944,0.9446640316205533,7,0.9685122529644269,0.7667,253,159986.61968489716
PROMO-0030,Year-End Sale 2018,Streetwear,2018-11-30,2018-11,0.7008928571428571,1.1651785714285714,12,0.96115625,0.6,224,387038.369402892
PROMO-0030,Year-End Sale 2018,Streetwear,2018-12-31,2018-12,0.6820276497695853,1.1658986175115207,24,0.9611345622119816,0.2,217,144439.51004998936
PROMO-0030,Year-End Sale 2018,Streetwear,2019-01-31,2019-01,0.677570093457944,1.1121495327102804,21,0.9629285046728971,0.3,214,66086.49769082927
PROMO-0031,Spring Sale 2019,Streetwear,2019-03-31,2019-03,0.6612903225806451,1.185483870967742,18,0.9604810483870968,0.4,248,118398.01414805117
PROMO-0031,Spring Sale 2019,Streetwear,2019-04-30,2019-04,0.6447876447876448,1.16988416988417,15,0.961003861003861,0.5,259,227705.04996073063
PROMO-0032,Mid-Year Sale 2019,Streetwear,2019-06-30,2019-06,0.6498054474708171,1.11284046692607,20,0.9629066147859923,0.3333,257,270053.78667568584
PROMO-0032,Mid-Year Sale 2019,Streetwear,2019-07-31,2019-07,0.6776859504132231,1.0578512396694215,9,0.9647384297520661,0.7,242,314293.5035170771
PROMO-0035,Urban Blowout 2019,Streetwear,2019-07-31,2019-07,0.6776859504132231,1.0578512396694215,9,0.9647384297520661,0.7,242,314293.5035170771
PROMO-0033,Fall Launch 2019,Streetwear,2019-08-31,2019-08,0.6813186813186813,1.1318681318681318,22,0.9622714285714287,0.2667,273,219714.23617115745
PROMO-0035,Urban Blowout 2019,Streetwear,2019-08-31,2019-08,0.6813186813186813,1.1318681318681318,22,0.9622714285714287,0.2667,273,219714.23617115745
PROMO-0033,Fall Launch 2019,Streetwear,2019-09-30,2019-09,0.6772908366533864,1.0159362549800797,5,0.9661370517928287,0.8333,251,-226269.42721996506
PROMO-0035,Urban Blowout 2019,Streetwear,2019-09-30,2019-09,0.6772908366533864,1.0159362549800797,5,0.9661370517928287,0.8333,251,-226269.42721996506
PROMO-0033,Fall Launch 2019,Streetwear,2019-10-31,2019-10,0.7172131147540983,1.1885245901639345,27,0.9603844262295081,0.1,244,-404573.38869926566
PROMO-0034,Year-End Sale 2019,Streetwear,2019-11-30,2019-11,0.6086956521739131,0.966183574879227,20,0.9677961352657005,0.3333,207,-184447.19793721032
PROMO-0034,Year-End Sale 2019,Streetwear,2019-12-31,2019-12,0.7142857142857143,1.0783410138248848,2,0.9640548387096775,0.9333,217,72640.8123763053
PROMO-0034,Year-End Sale 2019,Streetwear,2020-01-31,2020-01,0.6476683937823834,0.9896373056994818,2,0.9670108808290157,0.9333,193,28951.494901855247
PROMO-0037,Spring Sale 2020,Streetwear,2020-03-31,2020-03,0.6781609195402298,1.1187739463601531,9,0.9627076628352491,0.7,261,68918.61168123593
PROMO-0037,Spring Sale 2020,Streetwear,2020-04-30,2020-04,0.6855123674911661,1.3957597173144876,24,0.9534710247349822,0.2,283,210616.95518966432
PROMO-0038,Mid-Year Sale 2020,Streetwear,2020-06-30,2020-06,0.6791044776119403,1.0485074626865671,5,0.9650511194029849,0.8333,268,253204.35464350367
PROMO-0038,Mid-Year Sale 2020,Streetwear,2020-07-31,2020-07,0.65234375,0.9765625,6,0.967450390625,0.8,256,255016.50440861052
PROMO-0039,Fall Launch 2020,Streetwear,2020-08-31,2020-08,0.6482758620689655,0.9689655172413794,4,0.9677020689655172,0.8667,290,179199.04224523294
PROMO-0039,Fall Launch 2020,Streetwear,2020-09-30,2020-09,0.6877637130801688,1.0168776371308017,2,0.9661050632911393,0.9333,237,188050.4054698821
PROMO-0039,Fall Launch 2020,Streetwear,2020-10-31,2020-10,0.6206896551724138,0.9181034482758621,4,0.969398275862069,0.8667,232,92590.8536415697
PROMO-0040,Year-End Sale 2020,Streetwear,2020-11-30,2020-11,0.6517412935323383,1.0149253731343284,4,0.9661676616915423,0.8667,201,194955.4812462204
PROMO-0040,Year-End Sale 2020,Streetwear,2020-12-31,2020-12,0.6448598130841121,1.0233644859813085,2,0.9658841121495326,0.9333,214,71517.17925752826
PROMO-0040,Year-End Sale 2020,Streetwear,2021-01-31,2021-01,0.7016574585635359,1.0386740331491713,2,0.965378453038674,0.9333,181,28760.77026627435
PROMO-0041,Spring Sale 2021,Streetwear,2021-03-31,2021-03,0.663003663003663,1.065934065934066,15,0.9644692307692307,0.5,273,68408.98513596467
PROMO-0041,Spring Sale 2021,Streetwear,2021-04-30,2021-04,0.6903914590747331,1.387900355871886,21,0.9537359430604982,0.3,281,208448.7289859422
PROMO-0042,Mid-Year Sale 2021,Streetwear,2021-06-30,2021-06,0.7011070110701108,1.3542435424354244,17,0.9548579335793358,0.4333,271,312192.23554219975
PROMO-0042,Mid-Year Sale 2021,Streetwear,2021-07-31,2021-07,0.6848249027237354,1.1206225680933852,9,0.9626474708171205,0.7,257,298995.241874488
PROMO-0045,Urban Blowout 2021,Streetwear,2021-07-31,2021-07,0.6848249027237354,1.1206225680933852,9,0.9626474708171205,0.7,257,298995.241874488
PROMO-0043,Fall Launch 2021,Streetwear,2021-08-31,2021-08,0.7131782945736435,1.430232558139535,22,0.952327519379845,0.2667,258,255793.98183836244
PROMO-0045,Urban Blowout 2021,Streetwear,2021-08-31,2021-08,0.7131782945736435,1.430232558139535,22,0.952327519379845,0.2667,258,255793.98183836244
PROMO-0043,Fall Launch 2021,Streetwear,2021-09-30,2021-09,0.6324786324786325,1.1837606837606838,18,0.9605410256410257,0.4,234,-244427.61215393656
PROMO-0045,Urban Blowout 2021,Streetwear,2021-09-30,2021-09,0.6324786324786325,1.1837606837606838,18,0.9605410256410257,0.4,234,-244427.61215393656
PROMO-0043,Fall Launch 2021,Streetwear,2021-10-31,2021-10,0.6930232558139535,1.0976744186046512,10,0.9634097674418606,0.6667,215,-372490.8906779873
PROMO-0044,Year-End Sale 2021,Streetwear,2021-11-30,2021-11,0.7035175879396985,1.07035175879397,5,0.9643216080402011,0.8333,199,-267212.88050347555
PROMO-0044,Year-End Sale 2021,Streetwear,2021-12-31,2021-12,0.680952380952381,1.138095238095238,11,0.9620604761904762,0.6333,210,3292.1371552095843
PROMO-0044,Year-End Sale 2021,Streetwear,2022-01-31,2022-01,0.5786802030456852,0.8730964467005076,2,0.9708964467005077,0.9333,197,-23540.459279109265
PROMO-0047,Spring Sale 2022,Streetwear,2022-03-31,2022-03,0.702928870292887,1.2384937238493723,19,0.9587192468619248,0.3667,239,39708.1676748563
PROMO-0047,Spring Sale 2022,Streetwear,2022-04-30,2022-04,0.6745098039215687,1.1450980392156862,9,0.9618345098039216,0.7,255,143197.10232192464
PROMO-0048,Mid-Year Sale 2022,Streetwear,2022-06-30,2022-06,0.6597510373443983,1.099585062240664,17,0.963348132780083,0.4333,241,192859.61063409797
PROMO-0048,Mid-Year Sale 2022,Streetwear,2022-07-31,2022-07,0.6714285714285714,1.0476190476190477,3,0.9650771428571429,0.9,210,223776.84839066656
PROMO-0049,Fall Launch 2022,Streetwear,2022-08-31,2022-08,0.6622222222222223,1.1066666666666667,18,0.9631106666666668,0.4,225,147012.52790534106
PROMO-0049,Fall Launch 2022,Streetwear,2022-09-30,2022-09,0.6384976525821596,1.0046948356807512,6,0.9665093896713615,0.8,213,93534.76572949476
PROMO-0049,Fall Launch 2022,Streetwear,2022-10-31,2022-10,0.6127450980392157,1.1862745098039216,22,0.960460294117647,0.2667,204,17920.845772671197
PROMO-0050,Year-End Sale 2022,Streetwear,2022-11-30,2022-11,0.6871508379888268,1.1955307262569832,12,0.9601480446927374,0.6,179,166724.6641207133
PROMO-0050,Year-End Sale 2022,Streetwear,2022-12-31,2022-12,0.6836734693877551,1.1326530612244898,17,0.9622474489795919,0.4333,196,42521.05596566704
